"category","total_sales","total_profit"
"Furniture","2076669577.7112","258902907.6167999897897720"
"Office Supplies","5880834202.3680","733176375.5519999710860800"
"Technology","2021536757.0640","252029379.0959999900608400"
